key,value
name,Yusuf Ozaydin
pronouns,he/him
headline,Systems engineering student at GW · operations research and human-centered design
location,"Washington, DC"
email,yusuf.ozaydin@gwmail.gwu.edu
linkedin,https://www.linkedin.com/in/yusuf-ozaydin
github,https://github.com/yusuf-ozaydin
citizenship,U.S. Citizen
summary,"Yusuf Ozaydin studies systems engineering at the George Washington University, minoring in mathematics and computer science and graduating in 2028. His focus is operations research and human-centered design. At UAB he helped model patient flow through an emergency department; at GW he builds Paceometer, a driving app that shows drivers their pace instead of their speed. He is looking for a summer 2027 internship in operations research or data analysis."
